{
    "html": {
        "added": [],
        "edited": [
            "front\/browse\/birthday",
            "front\/browse\/birthdaysTable",
            "front\/browse\/calendarDay",
            "front\/browse\/calendarFeatured",
            "front\/browse\/calendarHeader",
            "front\/browse\/calendarMonth",
            "front\/browse\/calendarStream",
            "front\/browse\/calendarWeek",
            "front\/browse\/calendarWrapper",
            "front\/browse\/dateJump",
            "front\/global\/commentTableHeader",
            "front\/global\/embedEvent",
            "front\/global\/embedEventComment",
            "front\/global\/embedEventItemSnippet",
            "front\/global\/embedEventReview",
            "front\/global\/manageFollowRow",
            "front\/global\/rows",
            "front\/global\/searchResultCommentSnippet",
            "front\/global\/searchResultEventSnippet",
            "admin\/livesearch\/calendar",
            "front\/modcp\/approvalQueueItem",
            "front\/submit\/calendarSelector",
            "front\/submit\/datesForm",
            "front\/submit\/submitForm",
            "front\/submit\/submitPage",
            "front\/venue\/upcomingStream",
            "front\/venue\/view",
            "front\/view\/attendees",
            "front\/view\/comments",
            "front\/view\/coverPhotoOverlay",
            "front\/view\/eventBlock",
            "front\/view\/eventBlocks",
            "front\/view\/eventSidebar",
            "front\/view\/eventStreamBlock",
            "front\/view\/reminder",
            "front\/view\/reminderButton",
            "front\/view\/reminderForm",
            "front\/view\/reviews",
            "front\/view\/rsvpControls",
            "front\/view\/view",
            "front\/widgets\/recentReviews",
            "front\/widgets\/todaysBirthdays",
            "front\/widgets\/upcomingEvents"
        ],
        "removed": []
    },
    "css": {
        "added": [],
        "edited": [
            "front\/calendar_responsive.css",
            "front\/calendar.css",
            "front\/embed.css",
            "front\/profile.css"
        ],
        "removed": []
    },
    "resources": {
        "added": [],
        "edited": [],
        "removed": []
    }
}